,subreddit,total_comments
0,100sets,3315
1,AskFeminists,378125
2,BlackPillScience,1135
3,Braincels,1859999
4,Egalitarianism,18736
5,EthnicRedPill,1
6,FeMRADebates,489230
7,GEOTRP,422
8,IncelTears,815766
9,IncelsInAction,1887
10,IncelsWithoutHate,35610
11,KotakuInAction,4840000
12,LeftWingMaleAdvocates,0
13,MGTOW,1729999
14,MGTOW2,6528
15,MGTOWmusic,144
16,MRActivism,260
17,MRAmemes,0
18,MensRants,7829
19,MensRights,4079999
20,MensRightsMeta,2882
21,NOMAAM,34
22,PurplePillDebate,2355561
23,RedPillLit,29
24,RedPillNonMonogamy,348
25,RedPillParenting,789
26,RedPillReadingGroup,672
27,RedPillScience,47
28,RedPillWives,36329
29,RedPillWomen,235298
30,RedPillWorkplace,467
31,TRPOffTopic,1759
32,TRPmemes,2
33,TheRedPill,2822022
34,Trufemcels,31662
35,TumblrInAction,90000
36,WhereAreAllTheGoodMen,108042
37,altTRP,1045
38,askTRP,1229821
39,askanincel,0
40,askseddit,167147
41,badwomensanatomy,376955
42,becomeaman,7024
43,exredpill,12592
44,fPUA,9528
45,fappeningdiscussion,24728
46,marriedredpill,180261
47,masculism,4062
48,mensrightslaw,151
49,mgtowbooks,101
50,pua,677
51,redpillbooks,1663
52,redpillfatherhood,575
53,seduction,993555
54,thankTRP,1720
55,theRedPillLeft,3
56,theredpillright,6037
